{
    "_ColorR": 0.5031445622444153,
    "_ColorG": 0.22238433361053468,
    "_ColorB": 0.0,
    "_RampLevels": 4.0,
    "_LightScalar": 0.9300000071525574,
    "_HighColorR": 1.0,
    "_HighColorG": 1.0,
    "_HighColorB": 1.0,
    "_HighIntensity": 3.609999895095825,
    "_LowColorR": 1.0,
    "_LowColorG": 0.8191085457801819,
    "_LowColorB": 0.6006288528442383,
    "_LowIntensity": 1.899999976158142,
    "_OutlineColorR": 0.0,
    "_OutlineColorG": 0.0,
    "_OutlineColorB": 0.0,
    "_OutlineSize": 20.979999542236329,
    "_RimColorR": 0.38993701338768008,
    "_RimColorG": 0.18455642461776734,
    "_RimColorB": 0.0,
    "_RimAlpha": 0.7599999904632568,
    "_RimPower": 0.5699999928474426,
    "_RimDropOff": 0.0,
    "_FresnelColorR": 0.44654083251953127,
    "_FresnelColorG": 0.22332444787025453,
    "_FresnelColorB": 0.0,
    "_FresnelBrightness": 0.07500000298023224,
    "_FresnelPower": 0.7419999837875366,
    "_FresnelShadowDropoff": 0.0,
    "_GradYCap": 0.0,
    "_GradIntensity": 0.0
}