{"cameraMode":{"drawMode":0,"name":"Shaded","section":"Shading Mode"},"sceneLighting":true,"audioPlay":false,"sceneViewState":{"m_AlwaysRefresh":false,"showFog":true,"showSkybox":true,"showFlares":true,"showImageEffects":true,"showParticleSystems":true,"showVisualEffectGraphs":true,"m_FxEnabled":true},"in2DMode":false,"pivot":{"x":350.9836120605469,"y":102.26860809326172,"z":112.12081909179688},"rotation":{"x":-0.28426846861839297,"y":0.20303261280059815,"z":-0.06123965233564377,"w":-0.9351848363876343},"size":296.4527282714844,"orthographic":false}