{"cameraMode":{"drawMode":0,"name":"Shaded","section":"Shading Mode"},"sceneLighting":true,"audioPlay":false,"sceneViewState":{"m_AlwaysRefresh":false,"showFog":true,"showSkybox":true,"showFlares":true,"showImageEffects":true,"showParticleSystems":true,"showVisualEffectGraphs":true,"m_FxEnabled":true},"in2DMode":false,"pivot":{"x":-213.06800842285157,"y":75.54811096191406,"z":-0.027151107788085939},"rotation":{"x":-0.08263347297906876,"y":-0.05738427862524986,"z":0.007617588620632887,"w":-0.9952910542488098},"size":8.575125694274903,"orthographic":false}